No.,제목,URL
1,"'BJ 변신' 티아라 아름 ""자녀들 보호시설에…스포츠 도박? 뭔지 몰라""",http://www.stoo.com/article.php?aid=92872341793
2,"티아라 아름 ""자녀들, 구청에서 마음대로 시설 데려가…토토? 모른다"" [엑's ...",https://www.xportsnews.com/article/1844744
3,조승래 시인의 시통공간(詩通空間).071 - 권달웅,https://www.newsgn.com/news/articleView.html?idxno=411604
4,"자유통일당 황보승희 의원, 국민의미래 비례 인요한 선대위원장과 신경전",https://www.viva100.com/main/view.php?key=20240408010002779
5,"자유통일당 황보승희 의원, ‘28청춘’ 아닌 ‘7전8기’ 선거구호 외쳐",http://www.lawissue.co.kr/view.php?ud=202404081624375273d94aa4ada6_12
6,봄꽃에서 얻는 교훈,https://www.ccdailynews.com/news/articleView.html?idxno=2267257
7,상춘객 사로잡는 보청천 벚꽃길 '절정',https://www.inews365.com/news/article.html?no=809168
8,[이송희일의 영화직설] 내일은 당신 차례입니다,http://worknworld.kctu.org/news/articleView.html?idxno=504376
9,한시련 제작 2024년 4월 2주차 넷플릭스 화면해설 프로그램 안내,https://www.ablenews.co.kr/news/articleView.html?idxno=211876
10,[소중한 우리나무 찾기] 조팝나무 3형제의 화사함,https://www.ekoreanews.co.kr/news/articleView.html?idxno=72708
11,"강진군, 석문공원 관광객 맞이 준비 시작",https://www.cnbnews.com/news/article.html?no=652944
12,공명전 플랫폼 통해 스타트업 발굴한다,https://www.dt.co.kr/contents.html?article_no=2024040802109923056001&ref=naver
13,"""트윈스 라인 효과는 '찐'이다"" LG엔 '1선발 같은' 5선발 손주영이 있다 [춘추...",http://www.spochoo.com/news/articleView.html?idxno=108348
14,"봄바람과 함께, 바다로 떠나는 휴양",http://www.hdhy.co.kr/news/articleView.html?idxno=20410
15,봄꽃 흐드러지는 신안 1004섬…100+4대 '피아노의 합창',http://san.chosun.com/news/articleView.html?idxno=23545
16,"흔들려도 결국 핀다, 황유민 ‘웃음꽃’",https://www.seoul.co.kr/news/sport/golf/2024/04/08/20240408023006?wlog_tag3=naver
17,[월요일에 만나는 문인화 산책]눈보라 속 피어난 설중화…동요하지 않는 군자...,https://www.ksilbo.co.kr/news/articleView.html?idxno=996226
18,[달구벌아침] 그리움에도 골든타임이 있을까요,https://www.idaegu.co.kr/news/articleView.html?idxno=456424
19,[노래와 세상]꽃밭에서,https://www.khan.co.kr/opinion/column/article/202404072011005
20,[온누리]벚꽃,http://sjbnews.com/news/news.php?number=812090
